ano;titulo;suporte;tecnica;dimensoes;resolucao;nome_arquivo;pasta_origem;tem_ficha;link_imagem;observacoes
2016;construção_2016_-_pastel_e_grafite_s_papel_18x13cm;Papel;grafite, pastel;18x13cm;verificar;construção_2016_-_pastel_e_grafite_s_papel_18x13cm.jpg;Papéis/2016;buscar;https://drive.google.com/file/d/1wDh-PB-C2hb7P5nTiAlfHsF6u1opt4HY;Obra catalogada automaticamente
2016;sem_titulo_2016_-_aquarela_spapel_18x24cm;Papel;aquarela;18x24cm;verificar;sem_titulo_2016_-_aquarela_spapel_18x24cm.jpg;Papéis/2016;buscar;https://drive.google.com/file/d/1M6RvGpSheRgEmCYjP2joxtJHwZdki0sH;Obra catalogada automaticamente
2016;rasgado_2016_- _acrílica_e_grafite_spapel_100x76cm;Papel;grafite, acrílica;100x76cm;verificar;rasgado_2016_- _acrílica_e_grafite_spapel_100x76cm.jpg;Papéis/2016;buscar;https://drive.google.com/file/d/1gN2W_NqIhaWUS0YIEPBlOJPPb_bI8C_A;Obra catalogada automaticamente
2016;sem_titulo_2016_- _acrílica_e_bastão_a_óleo_spapel_65x48cm;Papel;óleo, acrílica;65x48cm;verificar;sem_titulo_2016_- _acrílica_e_bastão_a_óleo_spapel_65x48cm.jpg;Papéis/2016;buscar;https://drive.google.com/file/d/1AjBURM51cpmV6dMdLojyUy_s3TFVJdpG;Obra catalogada automaticamente
2016;sem_titulo_2016_-_hidrocor_s_papel_18x13cm;Papel;identificar;18x13cm;verificar;sem_titulo_2016_-_hidrocor_s_papel_18x13cm.jpg;Papéis/2016;buscar;https://drive.google.com/file/d/1F0P2sO2n0RyOjmAOWIuiyvLqr-isJlrT;Obra catalogada automaticamente
2016;sem_titulo_2016 _-_acrílica_bastão_a_óleo_e_spray_s_papel_40x60cm;Papel;óleo, acrílica;40x60cm;verificar;sem_titulo_2016 _-_acrílica_bastão_a_óleo_e_spray_s_papel_40x60cm.jpg;Papéis/2016;buscar;https://drive.google.com/file/d/1Z1qB7zot-AAZDuZxSnkNfYto2m8QIfM_;Obra catalogada automaticamente
2016;sem_título_2016_-_acrílica_e_pastel_slona_40x50cm;Tela/Lona;pastel, acrílica;40x50cm;verificar;sem_título_2016_-_acrílica_e_pastel_slona_40x50cm.jpg;Telas/2016;buscar;https://drive.google.com/file/d/13KV-pDyTN5gzVFjnLMa93zg5_W7x_PDx;Obra catalogada automaticamente
2016;sem_titulo_2016 _-_pastel_e_grafite_slona_30x20cm;Tela/Lona;grafite, pastel;30x20cm;verificar;sem_titulo_2016 _-_pastel_e_grafite_slona_30x20cm.jpg;Telas/2016;buscar;https://drive.google.com/file/d/1IaXIjcw9ofJ6feT89Qwt-BodT02U451m;Obra catalogada automaticamente
2016;Trilogia_do_amanhã_2016_acrílica_e_bastão_a_óleo_slona_190x150cm;Tela/Lona;óleo, acrílica;190x150cm;verificar;Trilogia_do_amanhã_2016_acrílica_e_bastão_a_óleo_slona_190x150cm.jpg;Telas/2016;buscar;https://drive.google.com/file/d/1TczoN58tfJ41V-W1qAUOcWNW-nidLSS-;Obra catalogada automaticamente
2016;sem_titulo_2016_-_óleo_acrílica_bastão_à_óleo_e_pastel_slona_210x95cm;Tela/Lona;óleo, pastel, acrílica;210x95cm;verificar;sem_titulo_2016_-_óleo_acrílica_bastão_à_óleo_e_pastel_slona_210x95cm.jpg;Telas/2016;buscar;https://drive.google.com/file/d/1XIqvaD_n1_LTebfXRuVQVRQvrEV5Xloc;Obra catalogada automaticamente
2016;margaridas_2016_-_acrílica_s_lona_190x150cm;Tela/Lona;acrílica;190x150cm;verificar;margaridas_2016_-_acrílica_s_lona_190x150cm.jpg;Telas/2016;buscar;https://drive.google.com/file/d/1amd4gox03-PMw4FxG8UnA-MPpCi3qX0l;Obra catalogada automaticamente
2016;série_verde_2016 _-_acrílica_slona_30x20cm;Tela/Lona;acrílica;30x20cm;verificar;série_verde_2016 _-_acrílica_slona_30x20cm.jpg;Telas/2016;buscar;https://drive.google.com/file/d/143MsBzj_rjn3WViy2xzdxKe14nqe3Uqe;Obra catalogada automaticamente
2016;2caras_2016_-_óleo_e_acrílica_slona_160x115cm;Tela/Lona;óleo, acrílica;160x115cm;verificar;2caras_2016_-_óleo_e_acrílica_slona_160x115cm.jpg;Telas/2016;buscar;https://drive.google.com/file/d/13Avhy-9clyGc-L_bkleX_XIC8PiOlBoY;Obra catalogada automaticamente
2016;sem_título _2016_-_acrílica_óleo_e_pastel_slona_ _40x50cm;Tela/Lona;óleo, pastel, acrílica;40x50cm;verificar;sem_título _2016_-_acrílica_óleo_e_pastel_slona_ _40x50cm.jpg;Telas/2016;buscar;https://drive.google.com/file/d/1Cs6neBBrMqsY36C7bgaCsvD8V3m7QZHW;Obra catalogada automaticamente
2016;série_verde_2016 _-_acrílica_slona_30x40cm;Tela/Lona;acrílica;30x40cm;verificar;série_verde_2016 _-_acrílica_slona_30x40cm.jpg;Telas/2016;buscar;https://drive.google.com/file/d/1mKv6jkgX_-zp5S8TV63CvL46B58tOMVR;Obra catalogada automaticamente
2016;Carmem_2016_-_óleo_e_acrílica_slona_200x160cm;Tela/Lona;óleo, acrílica;200x160cm;verificar;Carmem_2016_-_óleo_e_acrílica_slona_200x160cm.jpg;Telas/2016;buscar;https://drive.google.com/file/d/1D43PA5j6ygmBDxnVmiu0SNRNqpgp98Qf;Obra catalogada automaticamente
2016;sem_titulo_2016_ -_ pastel_slona_30x20cm;Tela/Lona;pastel;30x20cm;verificar;sem_titulo_2016_ -_ pastel_slona_30x20cm.jpg;Telas/2016;buscar;https://drive.google.com/file/d/1K7vhxh7VhcJH-z85lqz_d4KaWcSJs2iu;Obra catalogada automaticamente
2016;Trilogia_do_amanhã_2016_acrílica_e_bastão_a_óleo_e_pastel_s_lona_190x150cm;Tela/Lona;óleo, pastel, acrílica;190x150cm;verificar;Trilogia_do_amanhã_2016_acrílica_e_bastão_a_óleo_e_pastel_s_lona_190x150cm.jpg;Telas/2016;buscar;https://drive.google.com/file/d/1Aht-KpLNHrICIBQPp_hlGwIS1N3z_32y;Obra catalogada automaticamente
2016;sem_título_2016_-_acrílica_e_pastel_slona _40x50cm;Tela/Lona;pastel, acrílica;40x50cm;verificar;sem_título_2016_-_acrílica_e_pastel_slona _40x50cm.jpg;Telas/2016;buscar;https://drive.google.com/file/d/1FtYce5FjgM6In-0JVb-avNJteuUB5b-p;Obra catalogada automaticamente
2016;sem_titulo_2016_- _acrílica_bastão_a_óleo_e_spray_slona_100x160;Tela/Lona;óleo, acrílica;extrair;verificar;sem_titulo_2016_- _acrílica_bastão_a_óleo_e_spray_slona_100x160.jpg;Telas/2016;buscar;https://drive.google.com/file/d/1YO3ktWoMRB29KqkxdbekG1nIU8BrbPyO;Obra catalogada automaticamente
2016;sem_titulo_2016 _-_acrilica_e_pastel_slona_30x20cm;Tela/Lona;pastel, acrílica;30x20cm;verificar;sem_titulo_2016 _-_acrilica_e_pastel_slona_30x20cm.jpg;Telas/2016;buscar;https://drive.google.com/file/d/1sXUNlUe72FMqEayV7VDvrCvQigCEvffI;Obra catalogada automaticamente
2016;sem_título_2016_acrílica_e_spray_s_lona_180x150cm;Tela/Lona;acrílica;180x150cm;verificar;sem_título_2016_acrílica_e_spray_s_lona_180x150cm.jpg;Telas/2016;buscar;https://drive.google.com/file/d/1eVsv8CE99XXeXYqKRqNjvchqVOi1NhBQ;Obra catalogada automaticamente
2015;sem_título_2015_acrílica_aquarela_e_pastel_s_papel_30x20cm;Papel;pastel, aquarela, acrílica;30x20cm;verificar;sem_título_2015_acrílica_aquarela_e_pastel_s_papel_30x20cm.jpg;Papéis/2015;buscar;https://drive.google.com/file/d/1qfOPUI90xw6nHkPUPqEa1c5b9Db72vPQ;Obra catalogada automaticamente
2015;sem_título_2015_acrílica_spapel_42x30cm;Papel;acrílica;42x30cm;verificar;sem_título_2015_acrílica_spapel_42x30cm.jpg;Papéis/2015;buscar;https://drive.google.com/file/d/1GimHLVQhPxeAEFLr9AYZ5MB1hXRhiRe-;Obra catalogada automaticamente
2015;sem_título_2015_óleo_e_acrílica_spapel_20x30cm;Papel;óleo, acrílica;20x30cm;verificar;sem_título_2015_óleo_e_acrílica_spapel_20x30cm.jpg;Papéis/2015;buscar;https://drive.google.com/file/d/1854razyEw6-wToO_ehyTSFckbXsflnNl;Obra catalogada automaticamente
2015;sem_título_2015_guache_e_aquarela_spapel_30x42cm;Papel;aquarela;30x42cm;verificar;sem_título_2015_guache_e_aquarela_spapel_30x42cm.jpg;Papéis/2015;buscar;https://drive.google.com/file/d/1dTrusMkBxrwEkdn90qU33rkMW6FCxwfE;Obra catalogada automaticamente
2015;sem_título_2015_hidrocor_e_aquarela _spapel_24x18cm;Papel;aquarela;24x18cm;verificar;sem_título_2015_hidrocor_e_aquarela _spapel_24x18cm.jpg;Papéis/2015;buscar;https://drive.google.com/file/d/1I0Yfwsz6tdEjdwlpUp6VDBXUr11Y5dHQ;Obra catalogada automaticamente
2015;sem_título_2015_guache_e_aquarela _spapel_24x18cm;Papel;aquarela;24x18cm;verificar;sem_título_2015_guache_e_aquarela _spapel_24x18cm.jpg;Papéis/2015;buscar;https://drive.google.com/file/d/1UNryDWQdw8OkaEpG5u3OhvIoqFLMoKpc;Obra catalogada automaticamente
2015;sem_título_2015_acrílica_aquarela_e_pastel_s_papel_25x29cm;Papel;pastel, aquarela, acrílica;25x29cm;verificar;sem_título_2015_acrílica_aquarela_e_pastel_s_papel_25x29cm.jpg;Papéis/2015;buscar;https://drive.google.com/file/d/1b9Q5aghugwhBr3_vaPkR9rt8uR6lzBlH;Obra catalogada automaticamente
2015;sem_título_2015_acrílica_aquarela_e_pastel_s_papel_20x30cm;Papel;pastel, aquarela, acrílica;20x30cm;verificar;sem_título_2015_acrílica_aquarela_e_pastel_s_papel_20x30cm.jpg;Papéis/2015;buscar;https://drive.google.com/file/d/1hx96CV-Z6qdgOcE4rLIb1qMNLsLh7bR7;Obra catalogada automaticamente
2015;sem_título_2015_acrílica_aquarela_e_pastel_s_papel_35x29cm;Papel;pastel, aquarela, acrílica;35x29cm;verificar;sem_título_2015_acrílica_aquarela_e_pastel_s_papel_35x29cm.jpg;Papéis/2015;buscar;https://drive.google.com/file/d/1gDcrAPtjBCwq_75bgdX3MK45Sf-AyvEm;Obra catalogada automaticamente
2015;sem_título_2015_acrílica_slona_11x8cm;Tela/Lona;acrílica;11x8cm;verificar;sem_título_2015_acrílica_slona_11x8cm.jpg;Telas/2015;buscar;https://drive.google.com/file/d/1jZtNrhp7Jm13o0y4SMSk1DLCnzQSNUT8;Obra catalogada automaticamente
2015;sem_título_2015_acrílica_slona_26x26cm;Tela/Lona;acrílica;26x26cm;verificar;sem_título_2015_acrílica_slona_26x26cm.jpg;Telas/2015;buscar;https://drive.google.com/file/d/1p1HBX4hfxBLC29tmj2UoFB989Zt9W-GD;Obra catalogada automaticamente
2015;RJ_2015_óleo_acrílica_grafite_e_bastão_a_óleo_s_lona_300x160cm;Tela/Lona;óleo, grafite, acrílica;300x160cm;verificar;RJ_2015_óleo_acrílica_grafite_e_bastão_a_óleo_s_lona_300x160cm.jpg;Telas/2015;buscar;https://drive.google.com/file/d/1uT3qqFapb6e7VIKHHPzbfdDc1-g07rIE;Obra catalogada automaticamente
2015;sem_título_2015_acrílica_slona_11x11cm;Tela/Lona;acrílica;11x11cm;verificar;sem_título_2015_acrílica_slona_11x11cm.jpg;Telas/2015;buscar;https://drive.google.com/file/d/1xQIoqPNKIuCFMoF-uFRLiOHWCi_IfD-y;Obra catalogada automaticamente
2015;Celacanto_2015_pastel_slona_50x160cm;Tela/Lona;pastel;50x160cm;verificar;Celacanto_2015_pastel_slona_50x160cm.jpg;Telas/2015;buscar;https://drive.google.com/file/d/1b4WbirDlRcT61TLtHShvVbLTxUo_TCR9;Obra catalogada automaticamente
2015;sem_título_2015_acrílica_s_lona_160x100cm;Tela/Lona;acrílica;160x100cm;verificar;sem_título_2015_acrílica_s_lona_160x100cm.jpg;Telas/2015;buscar;https://drive.google.com/file/d/1GSoHqGKGh8S16tuTRBxDxf-D7QEyZ-g0;Obra catalogada automaticamente
2015;sem_título_2015_acrílica_slona_8x8cm;Tela/Lona;acrílica;8x8cm;verificar;sem_título_2015_acrílica_slona_8x8cm.jpg;Telas/2015;buscar;https://drive.google.com/file/d/1CcmloRNJc5BdrPbY4ObqSb5W9Y6o3sMu;Obra catalogada automaticamente
2014;série_verde_IV_2014_acrílica_s_papel_21x295cm;Papel;acrílica;21x295cm;verificar;série_verde_IV_2014_acrílica_s_papel_21x295cm.jpg;Papéis/2014;buscar;https://drive.google.com/file/d/1F3cgOsuGw1hzEBk5HLIGt2mEhkV6aCXA;Obra catalogada automaticamente
2014;série_verde_I_2014_acrílica_s_papel_21x295cm;Papel;acrílica;21x295cm;verificar;série_verde_I_2014_acrílica_s_papel_21x295cm.jpg;Papéis/2014;buscar;https://drive.google.com/file/d/1diGxZqvrSKHu4pw63CeLXnHAhuL_K93T;Obra catalogada automaticamente
2014;sem_título_2014_acrílica_e_bastão_de_óleo_s_papel_24x33cm;Papel;óleo, acrílica;24x33cm;verificar;sem_título_2014_acrílica_e_bastão_de_óleo_s_papel_24x33cm.jpg;Papéis/2014;buscar;https://drive.google.com/file/d/1c3Yy5MccrvwzJ0Voy2hrgA2nw3lzUzfZ;Obra catalogada automaticamente
2014;mulher_2014_acrílica_e_grafite_s_papel_24x33cm;Papel;grafite, acrílica;24x33cm;verificar;mulher_2014_acrílica_e_grafite_s_papel_24x33cm.jpg;Papéis/2014;buscar;https://drive.google.com/file/d/1B0lYMdbK1hemnIxPEaj7hkgyt3EbVBHu;Obra catalogada automaticamente
2014;sem_título_2014_acrílica_s_papel_21x295cm;Papel;acrílica;21x295cm;verificar;sem_título_2014_acrílica_s_papel_21x295cm.jpg;Papéis/2014;buscar;https://drive.google.com/file/d/1L0Ss5O5pHxq_O2GQG5MAyyuxupqkaM2u;Obra catalogada automaticamente
2014;série_verde_III_2014_acrílica_s_papel_21x295cm;Papel;acrílica;21x295cm;verificar;série_verde_III_2014_acrílica_s_papel_21x295cm.jpg;Papéis/2014;buscar;https://drive.google.com/file/d/1RgHlkuZZKzDa372NiiQSACQMHI_acaVa;Obra catalogada automaticamente
2014;sem_título_2014_acrílica_s_papel_24x33cm;Papel;acrílica;24x33cm;verificar;sem_título_2014_acrílica_s_papel_24x33cm.jpg;Papéis/2014;buscar;https://drive.google.com/file/d/1kHsYUf32asUnINS2RLDT2rmwYIZ46l0t;Obra catalogada automaticamente
2014;sem_título_2014_acrílica_spapel_24x33cm;Papel;acrílica;24x33cm;verificar;sem_título_2014_acrílica_spapel_24x33cm.jpg;Papéis/2014;buscar;https://drive.google.com/file/d/1BIMLnOGVJUkF2bFPqgFfOUb3-ORTQnqG;Obra catalogada automaticamente
2014;série_verde_II_2014_acrílica_s_papel_21x295cm;Papel;acrílica;21x295cm;verificar;série_verde_II_2014_acrílica_s_papel_21x295cm.jpg;Papéis/2014;buscar;https://drive.google.com/file/d/10eqa8TB6Z9N7FxncjIqFgoe1Dj-mI41d;Obra catalogada automaticamente
2014;sem_título_2014_acrílica_s_papel_24x21cm;Papel;acrílica;24x21cm;verificar;sem_título_2014_acrílica_s_papel_24x21cm.jpg;Papéis/2014;buscar;https://drive.google.com/file/d/1IMdycTDPr3nl_GTcOBOg2hLNzexia6js;Obra catalogada automaticamente
2014;sem_título_2014 acrílica_s_papel_24x33cm;Papel;acrílica;24x33cm;verificar;sem_título_2014 acrílica_s_papel_24x33cm.jpg;Papéis/2014;buscar;https://drive.google.com/file/d/1I-MbU89BgS--q3wCpZ-JhH2eD6Viauxo;Obra catalogada automaticamente
2014;Mosquito_2014_óleo_acrílica_e_bastão_a_óleo_s_lona_150x85cm;Tela/Lona;óleo, acrílica;150x85cm;verificar;Mosquito_2014_óleo_acrílica_e_bastão_a_óleo_s_lona_150x85cm.jpg;Telas/2014;buscar;https://drive.google.com/file/d/1ci9yY-8KEnWSENouiwP2PMp1n_M9d5AC;Obra catalogada automaticamente
2014;jardim_2014_óleo_acrílica_pastel_e_bastão_de_óleo_s_lona_144x200cm;Tela/Lona;óleo, pastel, acrílica;144x200cm;verificar;jardim_2014_óleo_acrílica_pastel_e_bastão_de_óleo_s_lona_144x200cm.jpg;Telas/2014;buscar;https://drive.google.com/file/d/1R8zhTvQIsyxWC-GGk3Ep_atfYkNF5glY;Obra catalogada automaticamente
2014;sem_título_2014_óleo_e_acrílica_s_lona_151x55cm;Tela/Lona;óleo, acrílica;151x55cm;verificar;sem_título_2014_óleo_e_acrílica_s_lona_151x55cm.jpg;Telas/2014;buscar;https://drive.google.com/file/d/14Qfr-JtV5yZcZqXGuogpaXT0OzUuRgCI;Obra catalogada automaticamente
2014;sem_título_2014_óleo_e_acrílica_s_lona_ 200x126cm;Tela/Lona;óleo, acrílica;200x126cm;verificar;sem_título_2014_óleo_e_acrílica_s_lona_ 200x126cm.jpg;Telas/2014;buscar;https://drive.google.com/file/d/1ntFBz2rN_Z4UUj-OJhNkt0eT9_AZlcXP;Obra catalogada automaticamente
2013;sem_titulo_2013_acrílica_e_pastel_s_papel_24x33cm;Papel;pastel, acrílica;24x33cm;verificar;sem_titulo_2013_acrílica_e_pastel_s_papel_24x33cm.jpg;Papéis/2013;buscar;https://drive.google.com/file/d/10irJi8y_nM20mVGrVHmBvejQJOtv7Lkt;Obra catalogada automaticamente
2013;os_muros_que_vi_de_Cascais_2013_acrílica_pastel_e_bastão_de_óleo_s_papel_fotográfico_130x95cm;Papel;óleo, pastel, acrílica;130x95cm;verificar;os_muros_que_vi_de_Cascais_2013_acrílica_pastel_e_bastão_de_óleo_s_papel_fotográfico_130x95cm.jpg;Papéis/2013;buscar;https://drive.google.com/file/d/1Mbp4tBT2wnmEHBmGuFG_O_6a9e_phoij;Obra catalogada automaticamente
2013;sem_título_2013_acrílica_s_papel_24x33cm;Papel;acrílica;24x33cm;verificar;sem_título_2013_acrílica_s_papel_24x33cm.jpg;Papéis/2013;buscar;https://drive.google.com/file/d/1in-xx8etliEIhNloB6Xqh_Du-xPtcnh7;Obra catalogada automaticamente
2013;série_cascais_2013 acrílica_e_pastel_s_papel_fotográfico_11x14cm;Papel;pastel, acrílica;11x14cm;verificar;série_cascais_2013 acrílica_e_pastel_s_papel_fotográfico_11x14cm.jpg;Papéis/2013;buscar;https://drive.google.com/file/d/1LviXoQclBUFDrrCDftPd7wdoCE64eY72;Obra catalogada automaticamente
2013;sem_título_2013_acrílica_e_bastão_de_óleo_s_papel_24x33cm;Papel;óleo, acrílica;24x33cm;verificar;sem_título_2013_acrílica_e_bastão_de_óleo_s_papel_24x33cm.jpg;Papéis/2013;buscar;https://drive.google.com/file/d/1K_SaewD6O27DCDJ3H5nLMjQKBJzwe2bm;Obra catalogada automaticamente
2013;sem_título_2013_acrílica_e_pastel_s_papel_24x33cm;Papel;pastel, acrílica;24x33cm;verificar;sem_título_2013_acrílica_e_pastel_s_papel_24x33cm.jpg;Papéis/2013;buscar;https://drive.google.com/file/d/1FfPf0Cgrxa1xrjwgj40KEC70va9zh3-L;Obra catalogada automaticamente
2013;sem_título_2013_óleo_acrílica_e_pastel_s_lona_ 158x65cm;Tela/Lona;óleo, pastel, acrílica;158x65cm;verificar;sem_título_2013_óleo_acrílica_e_pastel_s_lona_ 158x65cm.jpg;Telas/2013;buscar;https://drive.google.com/file/d/1ym6hVKX4uJemsbLKKm6yIMEFLVbsLYIj;Obra catalogada automaticamente
2013;sem_título_2013_óleo_acrilica_e_pastel_s_lona_ 20x30cm;Tela/Lona;óleo, pastel, acrílica;20x30cm;verificar;sem_título_2013_óleo_acrilica_e_pastel_s_lona_ 20x30cm.jpg;Telas/2013;buscar;https://drive.google.com/file/d/1XTKr02v1sLNy5bm8F1omxibO83dtRkBd;Obra catalogada automaticamente
2013;sem_título_2013_acrílica_e_pastel_s_lona_30x40cm;Tela/Lona;pastel, acrílica;30x40cm;verificar;sem_título_2013_acrílica_e_pastel_s_lona_30x40cm.jpg;Telas/2013;buscar;https://drive.google.com/file/d/1BEI2zFH7or4ZagnSIen2OEWXSHTCxYeF;Obra catalogada automaticamente
2013;sem_título_2013_acrílica_pastel_e_bastão_de_óleo_s_lona_30x40cm;Tela/Lona;óleo, pastel, acrílica;30x40cm;verificar;sem_título_2013_acrílica_pastel_e_bastão_de_óleo_s_lona_30x40cm.jpg;Telas/2013;buscar;https://drive.google.com/file/d/1Q6CXcHkbGzjxJkEJtyhYlkZEDrFGvcmi;Obra catalogada automaticamente
2013;sem_título_2013_óleo_e_acrílica_s_madeira_13x18cm;Tela/Lona;óleo, acrílica;13x18cm;verificar;sem_título_2013_óleo_e_acrílica_s_madeira_13x18cm.jpg;Telas/2013;buscar;https://drive.google.com/file/d/15H-f69_vSWMLRN2rchJz4Yxp3dK41CvY;Obra catalogada automaticamente
2013;sem_titulo_2013_óleo_e_acrílica_s_lona_29x23cm;Tela/Lona;óleo, acrílica;29x23cm;verificar;sem_titulo_2013_óleo_e_acrílica_s_lona_29x23cm.jpg;Telas/2013;buscar;https://drive.google.com/file/d/1FbqZ6pzH000eXmS6So_S1oM96jIkAov3;Obra catalogada automaticamente
2013;sem_título_2013_óleo_e_acrílica_s_lona_23x23cm;Tela/Lona;óleo, acrílica;23x23cm;verificar;sem_título_2013_óleo_e_acrílica_s_lona_23x23cm.jpg;Telas/2013;buscar;https://drive.google.com/file/d/1JY4VFsLJ_ZRaqLPF2h4HuTlna993KLYN;Obra catalogada automaticamente
2013;sem_titulo_2013_óleo_e_acrílica_s_lona_23x23cm;Tela/Lona;óleo, acrílica;23x23cm;verificar;sem_titulo_2013_óleo_e_acrílica_s_lona_23x23cm.jpg;Telas/2013;buscar;https://drive.google.com/file/d/1wfhhh9JAOwKtGizwc-vMzWEjs2TP0erB;Obra catalogada automaticamente
2013;sem_título_2013_óleo_acrílica_e_pastel_s_lona_ 30x40cm;Tela/Lona;óleo, pastel, acrílica;30x40cm;verificar;sem_título_2013_óleo_acrílica_e_pastel_s_lona_ 30x40cm.jpg;Telas/2013;buscar;https://drive.google.com/file/d/1b5u4LhCJe4HHm7iXl9wQ_uoEoZuVsxwc;Obra catalogada automaticamente
2013;galo_2013_óleo_acrílica_e_pastel_s_lona_30x20cm;Tela/Lona;óleo, pastel, acrílica;30x20cm;verificar;galo_2013_óleo_acrílica_e_pastel_s_lona_30x20cm.jpg;Telas/2013;buscar;https://drive.google.com/file/d/13vIaAEKnFaCm_ECjjuYKHwHTqfMh6TeA;Obra catalogada automaticamente
2013;sem_título_203_óleo_e_acrílica_smadeira_13x18cm;Tela/Lona;óleo, acrílica;13x18cm;verificar;sem_título_203_óleo_e_acrílica_smadeira_13x18cm.jpg;Telas/2013;buscar;https://drive.google.com/file/d/1n1aq6zRIvxJE2bukm20KdHYB3SOfEan9;Obra catalogada automaticamente
2013;sem_título_2013_óleo_e_acrílica_s_lona_29x23cm;Tela/Lona;óleo, acrílica;29x23cm;verificar;sem_título_2013_óleo_e_acrílica_s_lona_29x23cm.jpg;Telas/2013;buscar;https://drive.google.com/file/d/1kCr7wkd5qBFEo-mGzaT9vkdNYIU190Kw;Obra catalogada automaticamente
2013;sem_título_2013_óleo_acrílica_e_bastão_de_óleo_s_lona_50x40cm;Tela/Lona;óleo, acrílica;50x40cm;verificar;sem_título_2013_óleo_acrílica_e_bastão_de_óleo_s_lona_50x40cm.jpg;Telas/2013;buscar;https://drive.google.com/file/d/1NC0AMyUulKlDim4ygiles36njkLQFqry;Obra catalogada automaticamente
2013;sem_título_2013_acrílica_e_bastão_de_óleo_s_lona_ 30x40cm;Tela/Lona;óleo, acrílica;30x40cm;verificar;sem_título_2013_acrílica_e_bastão_de_óleo_s_lona_ 30x40cm.jpg;Telas/2013;buscar;https://drive.google.com/file/d/1LTZYGfi9beqKOR1EmnY0k-ZnB_ZMjj74;Obra catalogada automaticamente
2013;sem_título_2013_óleo_acrilica_e_bastão_de_óleo_s_lona;Tela/Lona;óleo, acrílica;extrair;verificar;sem_título_2013_óleo_acrilica_e_bastão_de_óleo_s_lona.jpg;Telas/2013;buscar;https://drive.google.com/file/d/1GcwKZOquNxaDfosR7smWLY9PcedLT3Dt;Obra catalogada automaticamente
2013;sem_título_2013_óleo_acrílica_e_pastel_s_lona_30x20cm;Tela/Lona;óleo, pastel, acrílica;30x20cm;verificar;sem_título_2013_óleo_acrílica_e_pastel_s_lona_30x20cm.jpg;Telas/2013;buscar;https://drive.google.com/file/d/1ei0csMN7qwyjyMhwFnG3LD0Y9EByvUPp;Obra catalogada automaticamente
2013;sem_título_2013_óleo_acrílica_e_pastel_s_lona_50x40cm;Tela/Lona;óleo, pastel, acrílica;50x40cm;verificar;sem_título_2013_óleo_acrílica_e_pastel_s_lona_50x40cm.jpg;Telas/2013;buscar;https://drive.google.com/file/d/1ER5Q8D94DmIhOoSfN2zyoMhciURcCzjw;Obra catalogada automaticamente
2012;cavalo_2012_óleo_e_grafite_spapel_ 25x32cm;Papel;grafite, óleo;25x32cm;verificar;cavalo_2012_óleo_e_grafite_spapel_ 25x32cm.jpg;Papéis/2012;buscar;https://drive.google.com/file/d/1KwdCatS-TCAgfipV7AFU4_kEnCDfzqO-;Obra catalogada automaticamente
2012;cacique_2012_acrílica_óleo_e_pastel_s_papel_65x50cm;Papel;óleo, pastel, acrílica;65x50cm;verificar;cacique_2012_acrílica_óleo_e_pastel_s_papel_65x50cm.jpg;Papéis/2012;buscar;https://drive.google.com/file/d/1eJ_kYcV2T9e14zoi-G2f8__acLod41pk;Obra catalogada automaticamente
2012;torre_2012_acrílica_e_nanquim_s_papel_8x10cm;Papel;nanquim, acrílica;8x10cm;verificar;torre_2012_acrílica_e_nanquim_s_papel_8x10cm.jpg;Papéis/2012;buscar;https://drive.google.com/file/d/1pRKXmYNqqBszF7yKnQSEMQlukVXRgjGc;Obra catalogada automaticamente
2012;sem_título_2012_óleo_acrílica_e_pastel_s_papel_65x50cm;Papel;óleo, pastel, acrílica;65x50cm;verificar;sem_título_2012_óleo_acrílica_e_pastel_s_papel_65x50cm.jpg;Papéis/2012;buscar;https://drive.google.com/file/d/1-M2sZuHB9kVn7gxloyqnnxTManwoFqNg;Obra catalogada automaticamente
2012;vida_2012_acrílica_e_nanquim_spapel_125x18cm;Papel;nanquim, acrílica;125x18cm;verificar;vida_2012_acrílica_e_nanquim_spapel_125x18cm.jpg;Papéis/2012;buscar;https://drive.google.com/file/d/1a1Ay57sVHyI_C-YNLhLvQvDeLKLTmm4V;Obra catalogada automaticamente
2012;sem_título_2012_acrílica_oleo_bastão_e_pastel_spapel_65x50cm;Papel;óleo, pastel, acrílica;65x50cm;verificar;sem_título_2012_acrílica_oleo_bastão_e_pastel_spapel_65x50cm.jpg;Papéis/2012;buscar;https://drive.google.com/file/d/1ETAbLO38PxA5Q_WcC_T2Tn7hRnz8ZKAP;Obra catalogada automaticamente
2012;sem_título_2012_óleo_acrílica_e_bastão_s_papel_65x50cm;Papel;óleo, acrílica;65x50cm;verificar;sem_título_2012_óleo_acrílica_e_bastão_s_papel_65x50cm.jpg;Papéis/2012;buscar;https://drive.google.com/file/d/1r-ZPJammUUQl6UjXVIJbky8rgL1oNe6y;Obra catalogada automaticamente
2012;sem_título_2012_óleo_s_papel_25x33cm;Papel;óleo;25x33cm;verificar;sem_título_2012_óleo_s_papel_25x33cm.jpg;Papéis/2012;buscar;https://drive.google.com/file/d/1x-ZcXfMMQ3C1XmLpouU-b8laeP8OEQ8O;Obra catalogada automaticamente
2012;sem_título_2012_óleo_acrílica_e_pastel_s_papel_50x33cm;Papel;óleo, pastel, acrílica;50x33cm;verificar;sem_título_2012_óleo_acrílica_e_pastel_s_papel_50x33cm.jpg;Papéis/2012;buscar;https://drive.google.com/file/d/1QFklUX_bDlR8H_n1Dbvjkwzb7tjYlA9p;Obra catalogada automaticamente
2012;sem_título_2012_óleo_e_acrílica_s_papel_25x27cm;Papel;óleo, acrílica;25x27cm;verificar;sem_título_2012_óleo_e_acrílica_s_papel_25x27cm.jpg;Papéis/2012;buscar;https://drive.google.com/file/d/1tTJBG7DGOFg4e3ooTKI1xIM7vpC65zak;Obra catalogada automaticamente
2012;coruja_2012_óleo_acrílica_e_pastel_s_papel_33x25cm;Papel;óleo, pastel, acrílica;33x25cm;verificar;coruja_2012_óleo_acrílica_e_pastel_s_papel_33x25cm.jpg;Papéis/2012;buscar;https://drive.google.com/file/d/1WY3WYauluFV1jpvCdR4vo1v6Fo0l9Fuh;Obra catalogada automaticamente
2012;blue_2012_óleo_spapel_25x32cm;Papel;óleo;25x32cm;verificar;blue_2012_óleo_spapel_25x32cm.jpg;Papéis/2012;buscar;https://drive.google.com/file/d/1W2yj3K7zK8rmyR1c-m7X2Jbeq8nyjxIq;Obra catalogada automaticamente
2012;sem_titulo_2012_bico_de_pena_s_papel_8x10cm;Papel;identificar;8x10cm;verificar;sem_titulo_2012_bico_de_pena_s_papel_8x10cm.jpg;Papéis/2012;buscar;https://drive.google.com/file/d/1CHqnxgmlP2pZjSE2U5MTVOfKXLtBteI5;Obra catalogada automaticamente
2012;concha_2012_acrílica_e_nanquim_scartão_8x10cm;Papel;nanquim, acrílica;8x10cm;verificar;concha_2012_acrílica_e_nanquim_scartão_8x10cm.jpg;Papéis/2012;buscar;https://drive.google.com/file/d/1Qbv-szhrwB9aUkX7Z3qor2SeSR7IYljZ;Obra catalogada automaticamente
2012;sem_título_2012_óleo_e_acrílica_spapel_50x33cm;Papel;óleo, acrílica;50x33cm;verificar;sem_título_2012_óleo_e_acrílica_spapel_50x33cm.jpg;Papéis/2012;buscar;https://drive.google.com/file/d/1NkpuGbqj4MjnxkUOFgKZUuaogMyeHUUZ;Obra catalogada automaticamente
2012;sem_título_2012_óleo_e_acrílica_s_papel_50x32cm;Papel;óleo, acrílica;50x32cm;verificar;sem_título_2012_óleo_e_acrílica_s_papel_50x32cm.jpg;Papéis/2012;buscar;https://drive.google.com/file/d/1XTpPQVrsRDV4yA84D6tX5Ht4HHKyYd1i;Obra catalogada automaticamente
2012;sem_título_2012_oleo_acrílica_e_pastel_spapel_50x33cm;Papel;óleo, pastel, acrílica;50x33cm;verificar;sem_título_2012_oleo_acrílica_e_pastel_spapel_50x33cm.jpg;Papéis/2012;buscar;https://drive.google.com/file/d/1Whs_kHPBM1S_isbYH0MvhlRsVuuXCZJ_;Obra catalogada automaticamente
2012;sem_titulo_2012_acrílica_e_bico_de_pena_s_papel_8x10cm;Papel;acrílica;8x10cm;verificar;sem_titulo_2012_acrílica_e_bico_de_pena_s_papel_8x10cm.jpg;Papéis/2012;buscar;https://drive.google.com/file/d/1LLVl4me-D369MeZsqs2sXtw_ygMbAVdn;Obra catalogada automaticamente
2012;sem_título_2012_óleo_s_papel_25x32cm;Papel;óleo;25x32cm;verificar;sem_título_2012_óleo_s_papel_25x32cm.jpg;Papéis/2012;buscar;https://drive.google.com/file/d/1ZBXxbFMSagcRSumiUMAj31f7ZLH0KseP;Obra catalogada automaticamente
2012;peixe_2012_acrílica_e_nanquim_spapel_125x18cm;Papel;nanquim, acrílica;125x18cm;verificar;peixe_2012_acrílica_e_nanquim_spapel_125x18cm.jpg;Papéis/2012;buscar;https://drive.google.com/file/d/1RgylsdfBq0eVhrJVV8QW-QPN9s27ewJL;Obra catalogada automaticamente
2012;baile_2012_óleo_s_papel_33x50cm;Papel;óleo;33x50cm;verificar;baile_2012_óleo_s_papel_33x50cm.jpg;Papéis/2012;buscar;https://drive.google.com/file/d/1p3ROkHTE61IaW3bhziPXU3PLydnxiWAr;Obra catalogada automaticamente
2012;sem_título_2012_óleo_acrílica_bastão_e_pastel_s_papel_32x24cm;Papel;óleo, pastel, acrílica;32x24cm;verificar;sem_título_2012_óleo_acrílica_bastão_e_pastel_s_papel_32x24cm.jpg;Papéis/2012;buscar;https://drive.google.com/file/d/1BU1wVzHwtKni5Z39tEfnyOZHsQSFWqN4;Obra catalogada automaticamente
2012;sem_título_2012_óleo_acrílica_bastão_e_pastel_s_papel_50x65cm;Papel;óleo, pastel, acrílica;50x65cm;verificar;sem_título_2012_óleo_acrílica_bastão_e_pastel_s_papel_50x65cm.jpg;Papéis/2012;buscar;https://drive.google.com/file/d/1kIkYtLJ3HwHYai2HgdRY8K7WmsP9Akqi;Obra catalogada automaticamente
2012;sem_título_2012_óleo_e_pastel_s_papel_33x25cm;Papel;pastel, óleo;33x25cm;verificar;sem_título_2012_óleo_e_pastel_s_papel_33x25cm.jpg;Papéis/2012;buscar;https://drive.google.com/file/d/1k9H2PUN2MoOBZjVexJd-UqxmRpFhZYXr;Obra catalogada automaticamente
2012;vermelho_2012_óleo_e_acrílica_s_papel_17x25cm;Papel;óleo, acrílica;17x25cm;verificar;vermelho_2012_óleo_e_acrílica_s_papel_17x25cm.jpg;Papéis/2012;buscar;https://drive.google.com/file/d/1NMVAy35T14lzbWaMJEelcHN1X02ByzK8;Obra catalogada automaticamente
2012;sem_título_2012_acrílica_e_nanquim_spapel_8x10cm;Papel;nanquim, acrílica;8x10cm;verificar;sem_título_2012_acrílica_e_nanquim_spapel_8x10cm.jpg;Papéis/2012;buscar;https://drive.google.com/file/d/1yzlpMPk9zsobIFl6E6RxoqiuCwnlcJ_g;Obra catalogada automaticamente
2012;sem_título_2012_acrílica_e_colagens_spapel_84x54cm;Papel;acrílica;84x54cm;verificar;sem_título_2012_acrílica_e_colagens_spapel_84x54cm.jpg;Papéis/2012;buscar;https://drive.google.com/file/d/1jEcKUUynJKkPG3JGNRXDU1kFRdWtr49I;Obra catalogada automaticamente
2012;sem_título_2012_óleo_e_acrílica_s_papel_65x50cm;Papel;óleo, acrílica;65x50cm;verificar;sem_título_2012_óleo_e_acrílica_s_papel_65x50cm.jpg;Papéis/2012;buscar;https://drive.google.com/file/d/12P_CrHy-Cmnfuc0cMMw9VuD_u6oNEUUD;Obra catalogada automaticamente
2012;sem_título_2012_óleo_e_acrílica_s_tela 182x143cm;Tela/Lona;óleo, acrílica;182x143cm;verificar;sem_título_2012_óleo_e_acrílica_s_tela 182x143cm.jpg;Telas/2012;buscar;https://drive.google.com/file/d/1oVyp-nRR5S1EumZy2vOI8-I6aV6dp_x8;Obra catalogada automaticamente
2012;sem_título_2007-2012_óleo_acrílica_bastão_e_colagens_s_tela_150x155cm;Tela/Lona;óleo, acrílica;150x155cm;verificar;sem_título_2007-2012_óleo_acrílica_bastão_e_colagens_s_tela_150x155cm.jpg;Telas/2012;buscar;https://drive.google.com/file/d/1Fm1cGFeeh-0UkIVaY75FKQpR1K957ScM;Obra catalogada automaticamente
2012;sem_titulo_2012_acrílica_s_tela_210x162cm;Tela/Lona;acrílica;210x162cm;verificar;sem_titulo_2012_acrílica_s_tela_210x162cm.jpg;Telas/2012;buscar;https://drive.google.com/file/d/1dQxshIX9Nl9DtufJQfT3LoHmDP0x9uV3;Obra catalogada automaticamente
2012;4_mãos_2012_óleo_e_bastão_s_tela_132x132cm;Tela/Lona;óleo;132x132cm;verificar;4_mãos_2012_óleo_e_bastão_s_tela_132x132cm.jpg;Telas/2012;buscar;https://drive.google.com/file/d/1avPdKHDUVHcGAy4kgX88L7mFHfDRCbAj;Obra catalogada automaticamente
2012;sem_título_2012_óleo_e_acrílica_s_lona_210x128_cm;Tela/Lona;óleo, acrílica;extrair;verificar;sem_título_2012_óleo_e_acrílica_s_lona_210x128_cm.jpg;Telas/2012;buscar;https://drive.google.com/file/d/1rkXaCQCRFeP6W7h6mckDkg_66pOocu6E;Obra catalogada automaticamente
2011;sem_título_2011_óleo_e_acrílica_s_papel_30x41cm;Papel;óleo, acrílica;30x41cm;verificar;sem_título_2011_óleo_e_acrílica_s_papel_30x41cm.jpg;Papéis/2011;buscar;https://drive.google.com/file/d/1iWy2aZ3TKnzyVpOkgf1GlNYvQdtJHSp1;Obra catalogada automaticamente
2011;sem_título_2011_óleo_e_acrílica_s_papel_29x41cm;Papel;óleo, acrílica;29x41cm;verificar;sem_título_2011_óleo_e_acrílica_s_papel_29x41cm.jpg;Papéis/2011;buscar;https://drive.google.com/file/d/1ncqC9I0i6XeoeHuyIJbZlOvOySax5z75;Obra catalogada automaticamente
2011;violeta_2011_pastel_óleo_e_acrílica_s_papel_30x41cm;Papel;óleo, pastel, acrílica;30x41cm;verificar;violeta_2011_pastel_óleo_e_acrílica_s_papel_30x41cm.jpg;Papéis/2011;buscar;https://drive.google.com/file/d/1yQZaEej4fRhR24f52dVVTs2G8j4OKw1e;Obra catalogada automaticamente
2011;pensador_2011_acrílica_e_bastão_de_óleo_s_papel_126x112cm;Papel;óleo, acrílica;126x112cm;verificar;pensador_2011_acrílica_e_bastão_de_óleo_s_papel_126x112cm.jpg;Papéis/2011;buscar;https://drive.google.com/file/d/1SCSfNf-7-sNHeeEBrVihyLToF8Kbpku0;Obra catalogada automaticamente
2011;sem_título_2011_hidrocor_guache_e_pastel_spapel_32x22cm;Papel;pastel;32x22cm;verificar;sem_título_2011_hidrocor_guache_e_pastel_spapel_32x22cm.jpg;Papéis/2011;buscar;https://drive.google.com/file/d/1QKEC40tUyRetVl-_soOM4YS8D34gHBox;Obra catalogada automaticamente
2011;bomba_2011_bastão_de_óleo_s_papel_31x23cm;Papel;óleo;31x23cm;verificar;bomba_2011_bastão_de_óleo_s_papel_31x23cm.jpg;Papéis/2011;buscar;https://drive.google.com/file/d/18ftiUrr9pglVlY1PSoRbkdY_umpiabaZ;Obra catalogada automaticamente
2011;lorena_2011_óleo_e_acrílica_s_tela_20x30cm;Tela/Lona;óleo, acrílica;20x30cm;verificar;lorena_2011_óleo_e_acrílica_s_tela_20x30cm.jpg;Telas/2011;buscar;https://drive.google.com/file/d/19-nUojxTmE2AgN2Hlbn72Dq60lo7RX6t;Obra catalogada automaticamente
2011;sintonia_2011_acrílica_e_óleo_s_tela_20x30cm;Tela/Lona;óleo, acrílica;20x30cm;verificar;sintonia_2011_acrílica_e_óleo_s_tela_20x30cm.jpg;Telas/2011;buscar;https://drive.google.com/file/d/1VxZMSOJvMLndzu-Q3EohI1qVABOqlUju;Obra catalogada automaticamente
2011;série_mulher_2011_óleo_acrílica_e_colagens_s_tela_20x30cm;Tela/Lona;óleo, acrílica;20x30cm;verificar;série_mulher_2011_óleo_acrílica_e_colagens_s_tela_20x30cm.jpg;Telas/2011;buscar;https://drive.google.com/file/d/1yiYkBMWgYYabsEiiWgKU95wtE41i6z0E;Obra catalogada automaticamente
2011;sinfonia_2011_acrílica_e_óleo_s_tela_20x30cm;Tela/Lona;óleo, acrílica;20x30cm;verificar;sinfonia_2011_acrílica_e_óleo_s_tela_20x30cm.jpg;Telas/2011;buscar;https://drive.google.com/file/d/1EH25wsE524O3oTw3GtATbZnY_2NG9wMJ;Obra catalogada automaticamente
2011;carta_2011_pastel_e_caneta_s_mdf 35x45cm;Tela/Lona;pastel;35x45cm;verificar;carta_2011_pastel_e_caneta_s_mdf 35x45cm.jpg;Telas/2011;buscar;https://drive.google.com/file/d/1Wh5mrvlcCRDT8KT4OJMcs1e1iBNLcWyu;Obra catalogada automaticamente
2011;leque_2011_acrílica_e_pastel_s_tela_202x150;Tela/Lona;pastel, acrílica;extrair;verificar;leque_2011_acrílica_e_pastel_s_tela_202x150.jpg;Telas/2011;buscar;https://drive.google.com/file/d/1MBVODvRQi7N2RsaSHyYpLWXAbPCj-Dh_;Obra catalogada automaticamente
2011;vespa_2011_óleo_e_acrílica_s_tela_ 280x200cm;Tela/Lona;óleo, acrílica;280x200cm;verificar;vespa_2011_óleo_e_acrílica_s_tela_ 280x200cm.jpg;Telas/2011;buscar;https://drive.google.com/file/d/1_CnRx47snCulHHulZGW9a1M-en_vKUHI;Obra catalogada automaticamente
2011;sem_título_2011_óleo_e_acrílica_s_tela 30x20cm;Tela/Lona;óleo, acrílica;30x20cm;verificar;sem_título_2011_óleo_e_acrílica_s_tela 30x20cm.jpg;Telas/2011;buscar;https://drive.google.com/file/d/1B5oMZ5Ss2KfibSkZrBbdROKWSc1B6Dta;Obra catalogada automaticamente
2011;série_mulher_2011_óleo_e_acrílica_s_tela_20x30cm;Tela/Lona;óleo, acrílica;20x30cm;verificar;série_mulher_2011_óleo_e_acrílica_s_tela_20x30cm.jpg;Telas/2011;buscar;https://drive.google.com/file/d/14Hs3fCJdUA24kaHIR2iCXlOmQTvHcnsy;Obra catalogada automaticamente
2011;namoro_2011_óleo_e_acrílica_s_tela_20x30cm;Tela/Lona;óleo, acrílica;20x30cm;verificar;namoro_2011_óleo_e_acrílica_s_tela_20x30cm.jpg;Telas/2011;buscar;https://drive.google.com/file/d/1NIaSt6eJ-A0u6DCnUDLWLx-nvT7JhibP;Obra catalogada automaticamente
2011;sem_título_2011_óleo_e_acrílica_s_tela_177x53cm;Tela/Lona;óleo, acrílica;177x53cm;verificar;sem_título_2011_óleo_e_acrílica_s_tela_177x53cm.jpg;Telas/2011;buscar;https://drive.google.com/file/d/19hik5Qx91JVsA_FsrS_gFcA_bsJnNCSP;Obra catalogada automaticamente
2011;vaso_2011_óleo_e_acrílica_s_tela_82x45cm;Tela/Lona;óleo, acrílica;82x45cm;verificar;vaso_2011_óleo_e_acrílica_s_tela_82x45cm.jpg;Telas/2011;buscar;https://drive.google.com/file/d/1uc-vqIAYFOkhpw6PdbH4TXqI3aCA4Ei2;Obra catalogada automaticamente
2011;dança_2011_óleo_e_acrílica_s_tela_20x30cm;Tela/Lona;óleo, acrílica;20x30cm;verificar;dança_2011_óleo_e_acrílica_s_tela_20x30cm.jpg;Telas/2011;buscar;https://drive.google.com/file/d/1bggKlpZlDEcAM--01833qpwF6HVvtboz;Obra catalogada automaticamente
2011;sem_título_2011_acrílica_slona_155x80cm;Tela/Lona;acrílica;155x80cm;verificar;sem_título_2011_acrílica_slona_155x80cm.jpg;Telas/2011;buscar;https://drive.google.com/file/d/14UkK0nRbsGNh73vjTOLm8XXCGKtwOG3l;Obra catalogada automaticamente
2010;sem_título_2010_óleo_e_acrílica_s_papel_132x125cm;Papel;óleo, acrílica;132x125cm;verificar;sem_título_2010_óleo_e_acrílica_s_papel_132x125cm.jpg;Papéis/2010;buscar;https://drive.google.com/file/d/1PEYzj2fFgw2owiuw0T5f2O7hlPL3IRzF;Obra catalogada automaticamente
2010;galo_2010_óleo_e_acrílica_s_papel_31x17cm;Papel;óleo, acrílica;31x17cm;verificar;galo_2010_óleo_e_acrílica_s_papel_31x17cm.jpg;Papéis/2010;buscar;https://drive.google.com/file/d/1uE2sSvTG3XfIRFLEbtbL9Y6FTbSAmvGi;Obra catalogada automaticamente
2010;sem_título_2010_hidrocor_spapel_32x24cm;Papel;identificar;32x24cm;verificar;sem_título_2010_hidrocor_spapel_32x24cm.jpg;Papéis/2010;buscar;https://drive.google.com/file/d/10Ut6e-IxAPbERHbI_9tEUkxI3NIDN--H;Obra catalogada automaticamente
2010;sem_título_2010_tempera_e_hidrocor_spapel_32x24cm;Papel;identificar;32x24cm;verificar;sem_título_2010_tempera_e_hidrocor_spapel_32x24cm.jpg;Papéis/2010;buscar;https://drive.google.com/file/d/15dBFNpwaeNofpG2XOy84itgKbHfyCjz0;Obra catalogada automaticamente
2010;sem_título_2010_acrílica_s_papel_147x112cm;Papel;acrílica;147x112cm;verificar;sem_título_2010_acrílica_s_papel_147x112cm.jpg;Papéis/2010;buscar;https://drive.google.com/file/d/14-Ou_HGwF3DrABWF3V4c-c_X72wC6oqM;Obra catalogada automaticamente
2010;Pião_2010_óleo_e_pastel_slona_40x60cm;Papel;pastel, óleo;40x60cm;verificar;Pião_2010_óleo_e_pastel_slona_40x60cm.jpg;Papéis/2010;buscar;https://drive.google.com/file/d/1jOkXYVnBBShZHEk6JHvtBZ0VCXs456PN;Obra catalogada automaticamente
2010;cobra_2010_bico_de_pena_e_acrílica_s_papel_22x30cm;Papel;acrílica;22x30cm;verificar;cobra_2010_bico_de_pena_e_acrílica_s_papel_22x30cm.jpg;Papéis/2010;buscar;https://drive.google.com/file/d/11dfu8cNQTY31i3hWMmEogt4DF5tiRTAr;Obra catalogada automaticamente
2010;contadora_de_estórias_2010_óleo_e_acrílica_s_tela_32x36cm;Tela/Lona;óleo, acrílica;32x36cm;verificar;contadora_de_estórias_2010_óleo_e_acrílica_s_tela_32x36cm.jpg;Telas/2010;buscar;https://drive.google.com/file/d/1T6qWsXw76HHh2uTs6FumrA6D7dcf-9MH;Obra catalogada automaticamente
2010;sem_titulo_2010_acrílica_s_tela_140x81cm;Tela/Lona;acrílica;140x81cm;verificar;sem_titulo_2010_acrílica_s_tela_140x81cm.jpg;Telas/2010;buscar;https://drive.google.com/file/d/17ZsZ7R5xUsQ2rrtLMFLGSAGojLonEJVi;Obra catalogada automaticamente
2010;sem_título_20092010_acrílica_s_tela_135x145cm;Tela/Lona;acrílica;135x145cm;verificar;sem_título_20092010_acrílica_s_tela_135x145cm.jpg;Telas/2010;buscar;https://drive.google.com/file/d/1hv99GUiyooN89TlAmkQi3ryGFrs-XkB1;Obra catalogada automaticamente
2010;sem_título_2010_óleo_e_acrílica_s_tela_49x38cm;Tela/Lona;óleo, acrílica;49x38cm;verificar;sem_título_2010_óleo_e_acrílica_s_tela_49x38cm.jpg;Telas/2010;buscar;https://drive.google.com/file/d/1BGtUEYSSI6DHh-re5Z3sie_ajg4sByzd;Obra catalogada automaticamente
2010;saudade_2010_óleo_e_acrílica_s_tela 41x43cm;Tela/Lona;óleo, acrílica;41x43cm;verificar;saudade_2010_óleo_e_acrílica_s_tela 41x43cm.jpg;Telas/2010;buscar;https://drive.google.com/file/d/1K_HxAPywozzkRnaWpyfst3n9ZfhBPpvl;Obra catalogada automaticamente
2010;totem_2010_acrílica_e_colagem_s_tela_29x110cm;Tela/Lona;acrílica;29x110cm;verificar;totem_2010_acrílica_e_colagem_s_tela_29x110cm.jpg;Telas/2010;buscar;https://drive.google.com/file/d/1QdSTHuup_aXw28aT_GRm3FLClGltTuJJ;Obra catalogada automaticamente
2010;selva_2010_óleo_e_acrílica_s_tela_41x28cm;Tela/Lona;óleo, acrílica;41x28cm;verificar;selva_2010_óleo_e_acrílica_s_tela_41x28cm.jpg;Telas/2010;buscar;https://drive.google.com/file/d/1gLZxtF7H1ptIll1jQ0ld_ZerKcp874HH;Obra catalogada automaticamente
2010;forca_2010_óleo_e_acrílica_s_tela_150x116cm;Tela/Lona;óleo, acrílica;150x116cm;verificar;forca_2010_óleo_e_acrílica_s_tela_150x116cm.jpg;Telas/2010;buscar;https://drive.google.com/file/d/1WwlmTqWsR94ZNPumS5tLLSO_b630X2lF;Obra catalogada automaticamente
2010;paquera_2010_óleo_acrílica_e_colagem_s_tela_95x144cm;Tela/Lona;óleo, acrílica;95x144cm;verificar;paquera_2010_óleo_acrílica_e_colagem_s_tela_95x144cm.jpg;Telas/2010;buscar;https://drive.google.com/file/d/1JGAfufsZwqfqLc55dVKUnR_fUcG2q2FS;Obra catalogada automaticamente
2010;taças_2010_óleo_s_tela_33x39cm;Tela/Lona;óleo;33x39cm;verificar;taças_2010_óleo_s_tela_33x39cm.jpg;Telas/2010;buscar;https://drive.google.com/file/d/1HHMegJr3PgB-KyR7tTgbC3Yq5OAl37h3;Obra catalogada automaticamente
2010;cabeça_2010_óleo_e_acrílica_s_tela_160x244cm;Tela/Lona;óleo, acrílica;160x244cm;verificar;cabeça_2010_óleo_e_acrílica_s_tela_160x244cm.jpg;Telas/2010;buscar;https://drive.google.com/file/d/125g_fdXb6LFPIvNMrPqFFj9ym5AwJuqd;Obra catalogada automaticamente
2010;ocê_2010_óleo_e_acrílica_s_tela_29x32cm;Tela/Lona;óleo, acrílica;29x32cm;verificar;ocê_2010_óleo_e_acrílica_s_tela_29x32cm.jpg;Telas/2010;buscar;https://drive.google.com/file/d/1DfSd1QOB4Byl9BaR857rG9jhH1hmPwEm;Obra catalogada automaticamente
2010;valtrude_2010_óleo_e_acrílica_s_tela_ 29x25cm;Tela/Lona;óleo, acrílica;29x25cm;verificar;valtrude_2010_óleo_e_acrílica_s_tela_ 29x25cm.jpg;Telas/2010;buscar;https://drive.google.com/file/d/1nitxsyXyf9g8Q5flfDWjpPNh8RqPD41Q;Obra catalogada automaticamente
2010;boiada_2010_óleo_e_acrílica_s_tela_ 37x60cm;Tela/Lona;óleo, acrílica;37x60cm;verificar;boiada_2010_óleo_e_acrílica_s_tela_ 37x60cm.jpg;Telas/2010;buscar;https://drive.google.com/file/d/1FctJVMsdYHQZPqSE0XOM3NqUHXhCH0zi;Obra catalogada automaticamente
2010;curió_2010_acrílica_e_colagem_s_tela_34x110cm;Tela/Lona;acrílica;34x110cm;verificar;curió_2010_acrílica_e_colagem_s_tela_34x110cm.jpg;Telas/2010;buscar;https://drive.google.com/file/d/18cEJmeLODAYKoRWCm7Pcx-yuEaRYnTp0;Obra catalogada automaticamente
2010;ocê_2010_óleo_s_tela_25x28cm;Tela/Lona;óleo;25x28cm;verificar;ocê_2010_óleo_s_tela_25x28cm.jpg;Telas/2010;buscar;https://drive.google.com/file/d/1riIjlSNs-ncZECxWxtt_4Yhx342KjKBL;Obra catalogada automaticamente
2010;sem_título_2010_acrílica_e_óleo_s_tela 50x60cm;Tela/Lona;óleo, acrílica;50x60cm;verificar;sem_título_2010_acrílica_e_óleo_s_tela 50x60cm.jpg;Telas/2010;buscar;https://drive.google.com/file/d/1pIx8fs2x-dJnsc0tte2IFB6QA5RLaGAH;Obra catalogada automaticamente
2010;guerreiro_2010_acrílica_colagem_óleo_e_grafite_s_tela_140x69cm;Tela/Lona;óleo, grafite, acrílica;140x69cm;verificar;guerreiro_2010_acrílica_colagem_óleo_e_grafite_s_tela_140x69cm.jpg;Telas/2010;buscar;https://drive.google.com/file/d/1lB5rfelLGdSp1YJ0IlSrzYFjJvhV2BfN;Obra catalogada automaticamente
2010;sem_título_2010_acrílica_e_bastão_de_óleo_s_tela 144x92cm;Tela/Lona;óleo, acrílica;144x92cm;verificar;sem_título_2010_acrílica_e_bastão_de_óleo_s_tela 144x92cm.jpg;Telas/2010;buscar;https://drive.google.com/file/d/1mYaJb8quFkrcbSqhqGlem5pPiIuLq-_4;Obra catalogada automaticamente
2010;sem_título_2010_acrílica_e_óleo_s_tela 186x128cm;Tela/Lona;óleo, acrílica;186x128cm;verificar;sem_título_2010_acrílica_e_óleo_s_tela 186x128cm.jpg;Telas/2010;buscar;https://drive.google.com/file/d/1mByU6rT-OwEyNbj1cGc14rNstM-mItZ3;Obra catalogada automaticamente
2010;sem_título_2010_acrílica_s_tela 140x107cm;Tela/Lona;acrílica;140x107cm;verificar;sem_título_2010_acrílica_s_tela 140x107cm.jpg;Telas/2010;buscar;https://drive.google.com/file/d/11LSc5dkmRKRuciFlDD67PYYMDM0Ihs-6;Obra catalogada automaticamente
2010;papagaio_2010_acrílica_s_tela 140x160cm;Tela/Lona;acrílica;140x160cm;verificar;papagaio_2010_acrílica_s_tela 140x160cm.jpg;Telas/2010;buscar;https://drive.google.com/file/d/1I9hsMZVeM4na3gkKnSJwqt5xTHKNtu3t;Obra catalogada automaticamente
2010;sem_título_2006-2010_acrílica_e_colagens_s_tela 175x154cm;Tela/Lona;acrílica;175x154cm;verificar;sem_título_2006-2010_acrílica_e_colagens_s_tela 175x154cm.jpg;Telas/2010;buscar;https://drive.google.com/file/d/1mdNV3aHBQ30QpgVqQn8fOM84TpJDVju_;Obra catalogada automaticamente
2009;torre_2009_acrílica_e_bico_de_pena_s_papel_22x30cm;Papel;acrílica;22x30cm;verificar;torre_2009_acrílica_e_bico_de_pena_s_papel_22x30cm.jpg;Papéis/2009;buscar;https://drive.google.com/file/d/1X9EDfk-GlBSFrSxSxCk5xfmlruoiUku5;Obra catalogada automaticamente
2009;sem_título_2009_tempera_s_papel_33x21cm;Papel;identificar;33x21cm;verificar;sem_título_2009_tempera_s_papel_33x21cm.jpg;Papéis/2009;buscar;https://drive.google.com/file/d/1EqgSAf_7JAcou-XXCIrxJtrFNqg1MR9y;Obra catalogada automaticamente
2009;cético_assombro_II_2009_acrílica_s_cartão_15x22cm;Papel;acrílica;15x22cm;verificar;cético_assombro_II_2009_acrílica_s_cartão_15x22cm.jpg;Papéis/2009;buscar;https://drive.google.com/file/d/1HhkiaXJwAFxttRf6Uc8hj5YOFnksZL2H;Obra catalogada automaticamente
2009;sem_título_2009_acrílica_tempera_pastel_e_bico_de_pena_s_papel_30x21cm;Papel;pastel, acrílica;30x21cm;verificar;sem_título_2009_acrílica_tempera_pastel_e_bico_de_pena_s_papel_30x21cm.jpg;Papéis/2009;buscar;https://drive.google.com/file/d/1ibikYWEq_DJaPKrszqaAjGcEmBCORhih;Obra catalogada automaticamente
2009;sem_título_2009_tempera_spapel_32x22cm;Papel;identificar;32x22cm;verificar;sem_título_2009_tempera_spapel_32x22cm.jpg;Papéis/2009;buscar;https://drive.google.com/file/d/1JG6_4jYe8DVXw_sibOZiCxzbSCUD3ZSc;Obra catalogada automaticamente
2009;cético_assombro_VI_2009_acrílica_s_cartão_15x22cm;Papel;acrílica;15x22cm;verificar;cético_assombro_VI_2009_acrílica_s_cartão_15x22cm.jpg;Papéis/2009;buscar;https://drive.google.com/file/d/1vo8LMKCcRrJWMHNb1GWn0L3l9pL5uU3N;Obra catalogada automaticamente
2009;caça_palavras_2009_acrílica_s_papel_83x74cm;Papel;acrílica;83x74cm;verificar;caça_palavras_2009_acrílica_s_papel_83x74cm.jpg;Papéis/2009;buscar;https://drive.google.com/file/d/1LdqQi794SNa2VISC854-qSLUwMAuaS6i;Obra catalogada automaticamente
2009;sem_título_2009_tempera_e_hidrocor_spapel_30x23cm;Papel;identificar;30x23cm;verificar;sem_título_2009_tempera_e_hidrocor_spapel_30x23cm.jpg;Papéis/2009;buscar;https://drive.google.com/file/d/1aDMDD94MMkX3kUfoxZ7PCUzdHw37aNMA;Obra catalogada automaticamente
2009;sem_título_2009_bico_de_pena_spapel_30x21cm;Papel;identificar;30x21cm;verificar;sem_título_2009_bico_de_pena_spapel_30x21cm.jpg;Papéis/2009;buscar;https://drive.google.com/file/d/1kxdApW7nAJUjJ5m0l7hjH71TivWhAjq_;Obra catalogada automaticamente
2009;sem_título_2009_acrílica_s_papel_98x68cm;Papel;acrílica;98x68cm;verificar;sem_título_2009_acrílica_s_papel_98x68cm.jpg;Papéis/2009;buscar;https://drive.google.com/file/d/1IBgxqYTurAOsL_S6ZzweaVMPJNOTH2_x;Obra catalogada automaticamente
2009;flerte_2009_acrílica_s_papel_98x68cm;Papel;acrílica;98x68cm;verificar;flerte_2009_acrílica_s_papel_98x68cm.jpg;Papéis/2009;buscar;https://drive.google.com/file/d/1W6CinCp7kKk9EOuCkHFR5sme0pfePXiw;Obra catalogada automaticamente
2009;4_mãos_2009_óleo_e_acrílica_s_papel_11x95cm;Papel;óleo, acrílica;11x95cm;verificar;4_mãos_2009_óleo_e_acrílica_s_papel_11x95cm.jpg;Papéis/2009;buscar;https://drive.google.com/file/d/1WmQJaipqJo5wZv0K2qnQThWD7TZ2RbhR;Obra catalogada automaticamente
2009;sem_título_2009 _nanquim_e_acrílica_s_papel_22x30cm;Papel;nanquim, acrílica;22x30cm;verificar;sem_título_2009 _nanquim_e_acrílica_s_papel_22x30cm.jpg;Papéis/2009;buscar;https://drive.google.com/file/d/1A9sH_NASnSIfU7NiTAp-AS-iY1N77eF5;Obra catalogada automaticamente
2009;sem_título_2009_grafite_pastel_e_acrílica_s_papel_11x95cm;Papel;grafite, pastel, acrílica;11x95cm;verificar;sem_título_2009_grafite_pastel_e_acrílica_s_papel_11x95cm.jpg;Papéis/2009;buscar;https://drive.google.com/file/d/11xAulIRHFBBrCTo_i1-rS5R0xHs5xvLw;Obra catalogada automaticamente
2009;totonho_2009_acrílica_e_bico_de_pena_s_papel_22x30cm;Papel;acrílica;22x30cm;verificar;totonho_2009_acrílica_e_bico_de_pena_s_papel_22x30cm.jpg;Papéis/2009;buscar;https://drive.google.com/file/d/1d-82J_sVp2FAJEzn4jcGTfEAmGDBLi_v;Obra catalogada automaticamente
2009;cético_assombro_IV_2009_acrílica_s_cartão_15x22cm;Papel;acrílica;15x22cm;verificar;cético_assombro_IV_2009_acrílica_s_cartão_15x22cm.jpg;Papéis/2009;buscar;https://drive.google.com/file/d/1h9tLBvTy7SZtwpWfYcs8ixL6HAhiJIoF;Obra catalogada automaticamente
2009;sem_título_2009_óleo_acrílica_e_bico_de_pena_s_papel_22x30cm;Papel;óleo, acrílica;22x30cm;verificar;sem_título_2009_óleo_acrílica_e_bico_de_pena_s_papel_22x30cm.jpg;Papéis/2009;buscar;https://drive.google.com/file/d/1bbpjrRHLyEp31gmrN8ggUMUaUIOchl3d;Obra catalogada automaticamente
2009;sem_título_2009_acrílica_s_papel_22x30cm;Papel;acrílica;22x30cm;verificar;sem_título_2009_acrílica_s_papel_22x30cm.jpg;Papéis/2009;buscar;https://drive.google.com/file/d/1ZYfEiBFHG7R_bFTdG6eeXV-9NEGrfBNL;Obra catalogada automaticamente
2009;papagaio_2009_acrílica_s_papel_22x30cm;Papel;acrílica;22x30cm;verificar;papagaio_2009_acrílica_s_papel_22x30cm.jpg;Papéis/2009;buscar;https://drive.google.com/file/d/18qrlr66BfPZsDXjilKvb1dl_cKQpo4rD;Obra catalogada automaticamente
2009;cético_assombro_V_2009_acrílica_s_cartão_15x22cm;Papel;acrílica;15x22cm;verificar;cético_assombro_V_2009_acrílica_s_cartão_15x22cm.jpg;Papéis/2009;buscar;https://drive.google.com/file/d/1BeUM4HkwwfyAXQb6yccutZGp6v3A1BYC;Obra catalogada automaticamente
2009;sem_título_2009_acrílica_e_nanquim_s_papel_22x30cm;Papel;nanquim, acrílica;22x30cm;verificar;sem_título_2009_acrílica_e_nanquim_s_papel_22x30cm.jpg;Papéis/2009;buscar;https://drive.google.com/file/d/1qZOxx8shMTWaIvdGaBFY5_hMxavsVpU_;Obra catalogada automaticamente
2009;sapo_2009_acrílica_e_bico_de_pena_s_papel_22x30cm;Papel;acrílica;22x30cm;verificar;sapo_2009_acrílica_e_bico_de_pena_s_papel_22x30cm.jpg;Papéis/2009;buscar;https://drive.google.com/file/d/1sGTqs8PvZFBo7fOfrseBLVdrOkpvU1Mp;Obra catalogada automaticamente
2009;sem_título_2009_acrílica_e_bico_de_pena_s_papel_22x30cm;Papel;acrílica;22x30cm;verificar;sem_título_2009_acrílica_e_bico_de_pena_s_papel_22x30cm.jpg;Papéis/2009;buscar;https://drive.google.com/file/d/1ZscF4XirYq6sjHqnM5NdOBt12tvvARnu;Obra catalogada automaticamente
2009;sem_título_2009_ tempera_e_pastel_s_papel_22x32cm;Papel;pastel;22x32cm;verificar;sem_título_2009_ tempera_e_pastel_s_papel_22x32cm.jpg;Papéis/2009;buscar;https://drive.google.com/file/d/1EAafM25iQhZlC8lQGF0tGITNp2C1_qV0;Obra catalogada automaticamente
2009;cético_assombro_VII_2009_acrílica_s_cartão_15x22cm;Papel;acrílica;15x22cm;verificar;cético_assombro_VII_2009_acrílica_s_cartão_15x22cm.jpg;Papéis/2009;buscar;https://drive.google.com/file/d/1SCjE80JlhHJWPiQa8a_VsTCwTRm0woQs;Obra catalogada automaticamente
2009;cético_assombro_I_2009_acrílica_s_cartão_15x22cm;Papel;acrílica;15x22cm;verificar;cético_assombro_I_2009_acrílica_s_cartão_15x22cm.jpg;Papéis/2009;buscar;https://drive.google.com/file/d/12EhpTiFZPaYFtRcqFoq7X2PkVJj-zRFE;Obra catalogada automaticamente
2009;cético_assombro_III_2009_acrílica_s_cartão_15x22cm;Papel;acrílica;15x22cm;verificar;cético_assombro_III_2009_acrílica_s_cartão_15x22cm.jpg;Papéis/2009;buscar;https://drive.google.com/file/d/1-WRihLfYb-mcVEyRF05DVXYB8FLT1amJ;Obra catalogada automaticamente
2009;sem_título_2009_nanquim_spapel_30x21cm;Papel;nanquim;30x21cm;verificar;sem_título_2009_nanquim_spapel_30x21cm.jpg;Papéis/2009;buscar;https://drive.google.com/file/d/1wuiSazTOEgBYsaQ5fg1hLkPzcjDSnqsd;Obra catalogada automaticamente
2009;flor_2009_tempera_e_bico_de_pena_spapel_30x21cm;Papel;identificar;30x21cm;verificar;flor_2009_tempera_e_bico_de_pena_spapel_30x21cm.jpg;Papéis/2009;buscar;https://drive.google.com/file/d/1BRHrHlm2VkSHk8JpqYMl3pflpHX_3tvf;Obra catalogada automaticamente
2009;sem_título_2009_tempera_e_bico_de_pena_spapel_30x21cm;Papel;identificar;30x21cm;verificar;sem_título_2009_tempera_e_bico_de_pena_spapel_30x21cm.jpg;Papéis/2009;buscar;https://drive.google.com/file/d/1TuJYYpzyKLDy68XIJ6FscVd-v2r6uQUH;Obra catalogada automaticamente
2009;descanso_2009_acrílica_pastel_e_bico_de_pena_s_papel_21x30cm;Papel;pastel, acrílica;21x30cm;verificar;descanso_2009_acrílica_pastel_e_bico_de_pena_s_papel_21x30cm.jpg;Papéis/2009;buscar;https://drive.google.com/file/d/1vuo3VAnV4RwytQR4xIHL5lRK2zbM9ERc;Obra catalogada automaticamente
2009;coluna_2009_acrílica_s_tela_173x150cm;Tela/Lona;acrílica;173x150cm;verificar;coluna_2009_acrílica_s_tela_173x150cm.jpg;Telas/2009;buscar;https://drive.google.com/file/d/1YhHGGoJPMHLLdPxDB0x25bnbqXBIuJZW;Obra catalogada automaticamente
2009;abóbora_2009_colagens_e_acrílica_s_tela_156x71cm;Tela/Lona;acrílica;156x71cm;verificar;abóbora_2009_colagens_e_acrílica_s_tela_156x71cm.jpg;Telas/2009;buscar;https://drive.google.com/file/d/1p-pCtgcjXAJZQyaiOdmT0Fsd8kEQb1cD;Obra catalogada automaticamente
2009;sem_título_2009_óleo_acrilica_e spray_s_tela_190x137cm;Tela/Lona;óleo, acrílica;190x137cm;verificar;sem_título_2009_óleo_acrilica_e spray_s_tela_190x137cm.jpg;Telas/2009;buscar;https://drive.google.com/file/d/1q5azA9TuPs1NQUHo2IP54mEMDTSxzwqc;Obra catalogada automaticamente
2009;cabeça_2009_acrílica_s_mdf_40x40cm;Tela/Lona;acrílica;40x40cm;verificar;cabeça_2009_acrílica_s_mdf_40x40cm.jpg;Telas/2009;buscar;https://drive.google.com/file/d/1jeLkISHLFHVZZfN_ZMfhlmhul1flFOku;Obra catalogada automaticamente
2009;santuário_2007-2009_óleo_acrílica_e_colagens_s_tela_148x147cm;Tela/Lona;óleo, acrílica;148x147cm;verificar;santuário_2007-2009_óleo_acrílica_e_colagens_s_tela_148x147cm.jpg;Telas/2009;buscar;https://drive.google.com/file/d/1owY8Puf47VFVKf-D5lWA_J4rkwSw5BOY;Obra catalogada automaticamente
2009;sem_título_2009_acrílica_s_tela;Tela/Lona;acrílica;extrair;verificar;sem_título_2009_acrílica_s_tela.jpg;Telas/2009;buscar;https://drive.google.com/file/d/1cUY9O48rTvqYWHR8a6LTHcg8eNoEYMhr;Obra catalogada automaticamente
2009;encontro_2009_grafite_óleo_e_acrílica_s_tela_175x147cm;Tela/Lona;óleo, grafite, acrílica;175x147cm;verificar;encontro_2009_grafite_óleo_e_acrílica_s_tela_175x147cm.jpg;Telas/2009;buscar;https://drive.google.com/file/d/1V7Akus4MFl6KcGnvBF0jo5k-frhrENuU;Obra catalogada automaticamente
2009;caçador_2009_acrílica_s_tela_154x51cm;Tela/Lona;acrílica;154x51cm;verificar;caçador_2009_acrílica_s_tela_154x51cm.jpg;Telas/2009;buscar;https://drive.google.com/file/d/1UhTYE_3hhBDwfhYsDIZ0A1Imi1qkgLC6;Obra catalogada automaticamente
2009;menino_2009_óleo_e_acrílica_s_mdf_49x50cm;Tela/Lona;óleo, acrílica;49x50cm;verificar;menino_2009_óleo_e_acrílica_s_mdf_49x50cm.jpg;Telas/2009;buscar;https://drive.google.com/file/d/1XPpKw-ki3M9f0sozkFsHd-IlS8Nd6rCW;Obra catalogada automaticamente
2009;dico_2009_óleo_e_acrílica_s_mdf_49x46cm;Tela/Lona;óleo, acrílica;49x46cm;verificar;dico_2009_óleo_e_acrílica_s_mdf_49x46cm.jpg;Telas/2009;buscar;https://drive.google.com/file/d/1vTPgJMnDyEY8_VJ6h6t2kZdD93KqlHfh;Obra catalogada automaticamente
2009;quintal_2009_óleo_e_acrílica_s_mdf_18x17cm;Tela/Lona;óleo, acrílica;18x17cm;verificar;quintal_2009_óleo_e_acrílica_s_mdf_18x17cm.jpg;Telas/2009;buscar;https://drive.google.com/file/d/1UMK8goB1vtQZ55u1gMUgJEYuSadl52Hu;Obra catalogada automaticamente
2009;sem_título_2009_óleo_e_acrílica_s_tela_146x92cm;Tela/Lona;óleo, acrílica;146x92cm;verificar;sem_título_2009_óleo_e_acrílica_s_tela_146x92cm.jpg;Telas/2009;buscar;https://drive.google.com/file/d/1WbVMJgnHSWXZRU5ho7eq-7G_eSUd1r75;Obra catalogada automaticamente
2009;sem_título_2009_acrílica_e_hidrocor_s_tela 49x35cm;Tela/Lona;acrílica;49x35cm;verificar;sem_título_2009_acrílica_e_hidrocor_s_tela 49x35cm.jpg;Telas/2009;buscar;https://drive.google.com/file/d/1Gw489HICw5H9Vm5Hg_L8Mua2-dZ8rQog;Obra catalogada automaticamente
2009;construção_2009_colagens_e_acrílica_s_tela_95x65cm;Tela/Lona;acrílica;95x65cm;verificar;construção_2009_colagens_e_acrílica_s_tela_95x65cm.jpg;Telas/2009;buscar;https://drive.google.com/file/d/1XqGfVGUpBTdPCosJfMNqETVwuEhIWken;Obra catalogada automaticamente
2009;sem_título_2009_acrílica_s_tela_150x95cm;Tela/Lona;acrílica;150x95cm;verificar;sem_título_2009_acrílica_s_tela_150x95cm.jpg;Telas/2009;buscar;https://drive.google.com/file/d/1h38wMCUlUgjAreQQ--msphjjcBgrnxxe;Obra catalogada automaticamente
2009;festa_2008-2009_acrílica_grafite_e_óleo_s_tela_196x146cm;Tela/Lona;óleo, grafite, acrílica;196x146cm;verificar;festa_2008-2009_acrílica_grafite_e_óleo_s_tela_196x146cm.jpg;Telas/2009;buscar;https://drive.google.com/file/d/18CJZ_WojKbK9ilpgZEQHp4a209WjsShc;Obra catalogada automaticamente
2009;sem_título_2009_acrílica_s_tela_150x133cm;Tela/Lona;acrílica;150x133cm;verificar;sem_título_2009_acrílica_s_tela_150x133cm.jpg;Telas/2009;buscar;https://drive.google.com/file/d/1eCmRtghCMybbSxA8HH_XL2RbztC76LeK;Obra catalogada automaticamente
2009;ave_2007-2009_colagens_e_acrílica_s_tela_143x79cm;Tela/Lona;acrílica;143x79cm;verificar;ave_2007-2009_colagens_e_acrílica_s_tela_143x79cm.jpg;Telas/2009;buscar;https://drive.google.com/file/d/1DJoxT5J4yoYPCdh-3bcQ_w7uwYsJ7P-g;Obra catalogada automaticamente
2009;sem_título_2009_óleo_e_acrílica_s_tela_105x148cm;Tela/Lona;óleo, acrílica;105x148cm;verificar;sem_título_2009_óleo_e_acrílica_s_tela_105x148cm.jpg;Telas/2009;buscar;https://drive.google.com/file/d/1ZdkipNLhLBDL49-mOBI0iu9gO4yUPN0F;Obra catalogada automaticamente
2009;arame_2009_óleo_e_acrílica_s_tela_200x200cm;Tela/Lona;óleo, acrílica;200x200cm;verificar;arame_2009_óleo_e_acrílica_s_tela_200x200cm.jpg;Telas/2009;buscar;https://drive.google.com/file/d/1hSDAIkKzo-tJ2g4qWbZtZgQJZZkCbqtJ;Obra catalogada automaticamente
2009;sem_título_2009_oleo_e_acrílica_s_tela_190x70cm;Tela/Lona;óleo, acrílica;190x70cm;verificar;sem_título_2009_oleo_e_acrílica_s_tela_190x70cm.jpg;Telas/2009;buscar;https://drive.google.com/file/d/1tZXDu7fJJ8SGJMyuQ3BG63kR5KTm27F4;Obra catalogada automaticamente
2009;sem_título_2009_acrílica_e_colagem_s_tela 142x222cm;Tela/Lona;acrílica;142x222cm;verificar;sem_título_2009_acrílica_e_colagem_s_tela 142x222cm.jpg;Telas/2009;buscar;https://drive.google.com/file/d/14nS3z1U8qzL16OSrN7snAgV44rmQwINn;Obra catalogada automaticamente
2009;sem_título_20072009_acrílica_com_colagem_de_barbante_s_tela 150x162cm;Tela/Lona;acrílica;150x162cm;verificar;sem_título_20072009_acrílica_com_colagem_de_barbante_s_tela 150x162cm.jpg;Telas/2009;buscar;https://drive.google.com/file/d/1Q0-aRSyuFnaoH86uQNO8yQVBAob5KtYg;Obra catalogada automaticamente
2009;totem_2009_acrílica_s tela;Tela/Lona;acrílica;extrair;verificar;totem_2009_acrílica_s tela.jpg;Telas/2009;buscar;https://drive.google.com/file/d/1G31EymlflV8sWv-fd_t3SS5XDDgeoCYN;Obra catalogada automaticamente
2009;sem_título_20082009_acrílica_e_colagem_s_tela_155x145cm;Tela/Lona;acrílica;155x145cm;verificar;sem_título_20082009_acrílica_e_colagem_s_tela_155x145cm.jpg;Telas/2009;buscar;https://drive.google.com/file/d/1Nobayw5PAJlkUO0JkA7wcS4nnSUpfx8k;Obra catalogada automaticamente
2008;floresta_II_2008_acrílica_s_papel_66x96cm;Papel;acrílica;66x96cm;verificar;floresta_II_2008_acrílica_s_papel_66x96cm.jpg;Papéis/2008;buscar;https://drive.google.com/file/d/10Tk58FxYBpXrJoNroRu7QSMBNoTRxO3H;Obra catalogada automaticamente
2008;sem_título_2008_tempera_e_pastel_spapel_30x21cm;Papel;pastel;30x21cm;verificar;sem_título_2008_tempera_e_pastel_spapel_30x21cm.jpg;Papéis/2008;buscar;https://drive.google.com/file/d/1iwCBz-pQQms342ls1iZjpE9ITdxWIPBo;Obra catalogada automaticamente
2008;sem_título_2008_acrílica_s_papel_66x96cm;Papel;acrílica;66x96cm;verificar;sem_título_2008_acrílica_s_papel_66x96cm.jpg;Papéis/2008;buscar;https://drive.google.com/file/d/1c46jeMZXEcxL8b0wpM6S_70a3lwSFXTC;Obra catalogada automaticamente
2008;sem_título_2008_acrilica_barbante_e_grafite_s_papel_64x46cm;Papel;grafite, acrílica;64x46cm;verificar;sem_título_2008_acrilica_barbante_e_grafite_s_papel_64x46cm.jpg;Papéis/2008;buscar;https://drive.google.com/file/d/1p6WHHO-Jp2yF6FKZ9b-N7xIYmkSluc2q;Obra catalogada automaticamente
2008;sem_título_2008_acrílica_e_pastel_s_papel_36x23cm;Papel;pastel, acrílica;36x23cm;verificar;sem_título_2008_acrílica_e_pastel_s_papel_36x23cm.jpg;Papéis/2008;buscar;https://drive.google.com/file/d/1cynhKu_1FqaIqmLJqF-f4LBhVuGRMsTf;Obra catalogada automaticamente
2008;sem_título_2008_hidrocor_s_papel 63x54cm;Papel;identificar;63x54cm;verificar;sem_título_2008_hidrocor_s_papel 63x54cm.jpg;Papéis/2008;buscar;https://drive.google.com/file/d/1yrKOpcRRxxFRFhhpyqsOCwTbaZ0V-woJ;Obra catalogada automaticamente
2008;sem_título_2008_acrílica_e_pastel_s_papel_33x26cm;Papel;pastel, acrílica;33x26cm;verificar;sem_título_2008_acrílica_e_pastel_s_papel_33x26cm.jpg;Papéis/2008;buscar;https://drive.google.com/file/d/1nwiPu53v-Uct2kt3BHQHZb4JuIAY428K;Obra catalogada automaticamente
2008;sem_título_2008_tempera_bico_de_pena_spapel_30x21cm;Papel;identificar;30x21cm;verificar;sem_título_2008_tempera_bico_de_pena_spapel_30x21cm.jpg;Papéis/2008;buscar;https://drive.google.com/file/d/168JRTxyixIRzYC4BrVbU1P7_NXrOkOXp;Obra catalogada automaticamente
2008;floresta_2008_acrílica_s_papel_66x96cm;Papel;acrílica;66x96cm;verificar;floresta_2008_acrílica_s_papel_66x96cm.jpg;Papéis/2008;buscar;https://drive.google.com/file/d/11L45yCUfilHlX4f6CcODylNeYjXIcDru;Obra catalogada automaticamente
2008;sem_título_2008_oleo_e_acrílica_s_papel_47x32cm;Papel;óleo, acrílica;47x32cm;verificar;sem_título_2008_oleo_e_acrílica_s_papel_47x32cm.jpg;Papéis/2008;buscar;https://drive.google.com/file/d/1vj1FZPzifws88-Kb5JYyfdd0Z765w0SM;Obra catalogada automaticamente
2008;sem_título_2008_acrílica_e_pastel_spapel_32x22cm;Papel;pastel, acrílica;32x22cm;verificar;sem_título_2008_acrílica_e_pastel_spapel_32x22cm.jpg;Papéis/2008;buscar;https://drive.google.com/file/d/1cfwaZIvfs3UPINnfuJk-rtQEeOiSdTL4;Obra catalogada automaticamente
2008;duas_caras_2008_acrílica_s_tela_149x126cm;Tela/Lona;acrílica;149x126cm;verificar;duas_caras_2008_acrílica_s_tela_149x126cm.jpg;Telas/2008;buscar;https://drive.google.com/file/d/1rwWur1j_WnKwFAw-YdiOyed5IncPs8SY;Obra catalogada automaticamente
2008;sem_título_2008_acrílica_s_tela 37x36cm;Tela/Lona;acrílica;37x36cm;verificar;sem_título_2008_acrílica_s_tela 37x36cm.jpg;Telas/2008;buscar;https://drive.google.com/file/d/1b0lv48U4dB2XMqmgmuZyts2EPLD62FTc;Obra catalogada automaticamente
2008;galo_2008_colagem_e_acrílica_s_tela_158x76cm;Tela/Lona;acrílica;158x76cm;verificar;galo_2008_colagem_e_acrílica_s_tela_158x76cm.jpg;Telas/2008;buscar;https://drive.google.com/file/d/1NfbkSCQrETAFqVVXG10ucebz7Rl0GlFU;Obra catalogada automaticamente
2008;duas_caras_2008_grafite_pastel_óleo_e_acrílica_s_tela_220x150cm;Tela/Lona;óleo, grafite, pastel, acrílica;220x150cm;verificar;duas_caras_2008_grafite_pastel_óleo_e_acrílica_s_tela_220x150cm.jpg;Telas/2008;buscar;https://drive.google.com/file/d/16QPrznJhCKtg2nCpTQ-TJaDiwqEkfK0a;Obra catalogada automaticamente
2008;sem_título_2008_acrílica_s_tela_150x110cm;Tela/Lona;acrílica;150x110cm;verificar;sem_título_2008_acrílica_s_tela_150x110cm.jpg;Telas/2008;buscar;https://drive.google.com/file/d/1gd2-51KH5EtuUcDguldf4ftu6fxoWfUE;Obra catalogada automaticamente
2008;que_rei_sou_eu_2008_óleo_acrílica_e_spray_s_tela_140x127cm;Tela/Lona;óleo, acrílica;140x127cm;verificar;que_rei_sou_eu_2008_óleo_acrílica_e_spray_s_tela_140x127cm.jpg;Telas/2008;buscar;https://drive.google.com/file/d/1VEp0EN3iFEr63KTcIh8j8Ewwhuoq4YYa;Obra catalogada automaticamente
2008;máscaras_2008_grafite_óleo_e_acrílica_s_tela_148x106cm;Tela/Lona;óleo, grafite, acrílica;148x106cm;verificar;máscaras_2008_grafite_óleo_e_acrílica_s_tela_148x106cm.jpg;Telas/2008;buscar;https://drive.google.com/file/d/1pd-P0B8oDJsDA91CarFG2yXybCqEfgVH;Obra catalogada automaticamente
2008;sem_título_2008_acrílica_s_tela 30x30cm;Tela/Lona;acrílica;30x30cm;verificar;sem_título_2008_acrílica_s_tela 30x30cm.jpg;Telas/2008;buscar;https://drive.google.com/file/d/1Gx9yYh01CtqTuz4D0C9RMhHGthOZH-4L;Obra catalogada automaticamente
2008;roça_2008_acrílica_grafite_e_óleo_s_tela_183x150cm;Tela/Lona;óleo, grafite, acrílica;183x150cm;verificar;roça_2008_acrílica_grafite_e_óleo_s_tela_183x150cm.jpg;Telas/2008;buscar;https://drive.google.com/file/d/1hKYq60UvNQcLXNWcGAVoOzzWwH-zLF5J;Obra catalogada automaticamente
2008;sem_título_2008_acrílica_e_spray_s_tela_117x147cm;Tela/Lona;acrílica;117x147cm;verificar;sem_título_2008_acrílica_e_spray_s_tela_117x147cm.jpg;Telas/2008;buscar;https://drive.google.com/file/d/1YTrIp-cFnIo6xxoyV9FrEdSEwqUjwHBI;Obra catalogada automaticamente
2008;são_jorge_2008_óleo_acrílica_colagem_e_grafite_s_tela_150x127cm;Tela/Lona;óleo, grafite, acrílica;150x127cm;verificar;são_jorge_2008_óleo_acrílica_colagem_e_grafite_s_tela_150x127cm.jpg;Telas/2008;buscar;https://drive.google.com/file/d/1tK-4BCYwBVgwKgsClccaRCuECHtzJF8_;Obra catalogada automaticamente
2008;televisão_2008_acrílica_s_tela 140x195cm;Tela/Lona;acrílica;140x195cm;verificar;televisão_2008_acrílica_s_tela 140x195cm.jpg;Telas/2008;buscar;https://drive.google.com/file/d/1cpYgL86nqQ4mgLhyvVHq7kXZ3zV9LLzZ;Obra catalogada automaticamente
2008;quando_2008_grafite_acrílica_e_óleo_s_tela_202x142cm;Tela/Lona;óleo, grafite, acrílica;202x142cm;verificar;quando_2008_grafite_acrílica_e_óleo_s_tela_202x142cm.jpg;Telas/2008;buscar;https://drive.google.com/file/d/1K3bMPKbz0zHPOfuRMuOcQcmlmJ9Y2MD6;Obra catalogada automaticamente
2008;3_cabeças_2008_óleo_acrílica_grafite_e_colagens_s_tela_210x328cm;Tela/Lona;óleo, grafite, acrílica;210x328cm;verificar;3_cabeças_2008_óleo_acrílica_grafite_e_colagens_s_tela_210x328cm.jpg;Telas/2008;buscar;https://drive.google.com/file/d/13QPDTurMq1PXSVyb-5YL-h7kQyBOAel5;Obra catalogada automaticamente
2008;sem_título_2008_colagem_e_acrílica_s_tela_150x102cm;Tela/Lona;acrílica;150x102cm;verificar;sem_título_2008_colagem_e_acrílica_s_tela_150x102cm.jpg;Telas/2008;buscar;https://drive.google.com/file/d/167v4ngus4JzKgtAcbDZqdU0SPPYeubKV;Obra catalogada automaticamente
2008;sem_titulo_2008_óleo_e_acrilica_s_tela 82x66cm;Tela/Lona;óleo, acrílica;82x66cm;verificar;sem_titulo_2008_óleo_e_acrilica_s_tela 82x66cm.jpg;Telas/2008;buscar;https://drive.google.com/file/d/1rHDhC9h62b_VEjnNyuVLdxwzAdMqAimv;Obra catalogada automaticamente
2008;morro_2008_colagem_e_acrílica_s_tela_149x93cm;Tela/Lona;acrílica;149x93cm;verificar;morro_2008_colagem_e_acrílica_s_tela_149x93cm.jpg;Telas/2008;buscar;https://drive.google.com/file/d/1eRe5--Pn0fDmQ0mnFX2q_dzqmxxc9-9o;Obra catalogada automaticamente
2008;sem_título_2008_acrílica_s_tela_146x156cm;Tela/Lona;acrílica;146x156cm;verificar;sem_título_2008_acrílica_s_tela_146x156cm.jpg;Telas/2008;buscar;https://drive.google.com/file/d/14xGyCfAjEgGIGJFkm3IdqxXUN-3AMuLw;Obra catalogada automaticamente
2008;sem_título_2008_óleo_e_acrílica_s_tela_147x154cm;Tela/Lona;óleo, acrílica;147x154cm;verificar;sem_título_2008_óleo_e_acrílica_s_tela_147x154cm.jpg;Telas/2008;buscar;https://drive.google.com/file/d/1Mu1pcWu0Trr7mJRjwbcad5boeDfcta9x;Obra catalogada automaticamente
2008;sem_título_2008_acrílica_s_tela_137x65cm;Tela/Lona;acrílica;137x65cm;verificar;sem_título_2008_acrílica_s_tela_137x65cm.jpg;Telas/2008;buscar;https://drive.google.com/file/d/1iW-vSnQYBXJCLcuY6QDJHNX8CWLAL0r1;Obra catalogada automaticamente
2007;madame_2007_acrílica_e_colagens_s_tela_146x90cm;Tela/Lona;acrílica;146x90cm;verificar;madame_2007_acrílica_e_colagens_s_tela_146x90cm.jpg;Telas/2007;buscar;https://drive.google.com/file/d/1iXqN__lWl-euxy_TawiYav8UB97n8ddR;Obra catalogada automaticamente
2007;sem_título_2007_acrílica_s_tela_69x65cm;Tela/Lona;acrílica;69x65cm;verificar;sem_título_2007_acrílica_s_tela_69x65cm.jpg;Telas/2007;buscar;https://drive.google.com/file/d/1WX8igylEgeQNz_qwKjCP-FImm5SEL6YG;Obra catalogada automaticamente
2007;sem_título_2007_acrílica_s_tela_65x50cm;Tela/Lona;acrílica;65x50cm;verificar;sem_título_2007_acrílica_s_tela_65x50cm.jpg;Telas/2007;buscar;https://drive.google.com/file/d/1QwspFaWTUWNa5m8jlKOVLlLbkLKZsA9v;Obra catalogada automaticamente
2007;sem_título_2007_acrílica_s_tela_150x120cm;Tela/Lona;acrílica;150x120cm;verificar;sem_título_2007_acrílica_s_tela_150x120cm.jpg;Telas/2007;buscar;https://drive.google.com/file/d/1be1rSrfRwVdimWKhjtk4uz6PrAak_6oh;Obra catalogada automaticamente
2007;sem_título_2007_acrílica_s_tela_160x150cm;Tela/Lona;acrílica;160x150cm;verificar;sem_título_2007_acrílica_s_tela_160x150cm.jpg;Telas/2007;buscar;https://drive.google.com/file/d/1PSEw7m9IN4p2chhVAKt1I52-goPJmbk2;Obra catalogada automaticamente
2007;sem_título_2007_acrílica_s_tela 84x68cm;Tela/Lona;acrílica;84x68cm;verificar;sem_título_2007_acrílica_s_tela 84x68cm.jpg;Telas/2007;buscar;https://drive.google.com/file/d/1_Pdi4Keaff067tKYxnrxXo_H_8_E5LZX;Obra catalogada automaticamente
2007;O_2007_acrílica_s_tela_148x80cm;Tela/Lona;acrílica;148x80cm;verificar;O_2007_acrílica_s_tela_148x80cm.jpg;Telas/2007;buscar;https://drive.google.com/file/d/1yY3_y70QkhcaBnrhsb2YgbnU3qKHkm55;Obra catalogada automaticamente
2007;grade_2007_acrílica_s_tela 148x80cm;Tela/Lona;acrílica;148x80cm;verificar;grade_2007_acrílica_s_tela 148x80cm.jpg;Telas/2007;buscar;https://drive.google.com/file/d/1vEySflGizOSuaWfdJQ_PYMKmDQVR1uUA;Obra catalogada automaticamente
2007;sem_título_2007_acrílica_óleo_colagem_e_grafite_s_tela_155x125cm;Tela/Lona;óleo, grafite, acrílica;155x125cm;verificar;sem_título_2007_acrílica_óleo_colagem_e_grafite_s_tela_155x125cm.jpg;Telas/2007;buscar;https://drive.google.com/file/d/1pkSZegIr-5j1tgvKy7DE9y12Dxg3Cxh5;Obra catalogada automaticamente
2007;cidade_2007_acrílica_colagem_e_grafite_s_tela 146x113cm;Tela/Lona;grafite, acrílica;146x113cm;verificar;cidade_2007_acrílica_colagem_e_grafite_s_tela 146x113cm.jpg;Telas/2007;buscar;https://drive.google.com/file/d/1_adU9aRA6_BJS64DHmqyAYXTfbUbPsD3;Obra catalogada automaticamente
2006;jora_2006_acrílica_s_papel_cartão_76x76cm;Papel;acrílica;76x76cm;verificar;jora_2006_acrílica_s_papel_cartão_76x76cm.jpg;Papéis/2006;buscar;https://drive.google.com/file/d/1mINeksJcPTB3_5m43Hi3l53FvBPRElmG;Obra catalogada automaticamente
2006;sem_título_2006_acrílica_s_papel_66x96cm;Papel;acrílica;66x96cm;verificar;sem_título_2006_acrílica_s_papel_66x96cm.jpg;Papéis/2006;buscar;https://drive.google.com/file/d/1m2m-AaEkqZ40B5mOkmqG-T7WaiBTtkKc;Obra catalogada automaticamente
2006;lagarto_2006_acrílica_s_papel_66x96cm;Papel;acrílica;66x96cm;verificar;lagarto_2006_acrílica_s_papel_66x96cm.jpg;Papéis/2006;buscar;https://drive.google.com/file/d/1TtEUsI-_UfFhaggqFSxaxS0OYYozDPMg;Obra catalogada automaticamente
2006;sem_título_2006_acrílica_s_papel_cartão_66x96cm;Papel;acrílica;66x96cm;verificar;sem_título_2006_acrílica_s_papel_cartão_66x96cm.jpg;Papéis/2006;buscar;https://drive.google.com/file/d/1_c3PJtQierQYW9XMznaSZ-Y4hPKAVy6l;Obra catalogada automaticamente
2006;tête_a_tête_2006_acrílica_s_tela 190x155cm;Tela/Lona;acrílica;190x155cm;verificar;tête_a_tête_2006_acrílica_s_tela 190x155cm.jpg;Telas/2006;buscar;https://drive.google.com/file/d/14PZaq1Absz8GvUX2ggYYKVmKaIfI8KuI;Obra catalogada automaticamente
